-- --------------------------------------------------------
-- Host:                         127.0.0.1
-- Server version:               5.5.45 - MySQL Community Server (GPL)
-- Server OS:                    Win32
-- HeidiSQL Version:             9.3.0.4984
-- --------------------------------------------------------

/*!40101 SET @OLD_CHARACTER_SET_CLIENT=@@CHARACTER_SET_CLIENT */;
/*!40101 SET NAMES utf8mb4 */;
/*!40014 SET @OLD_FOREIGN_KEY_CHECKS=@@FOREIGN_KEY_CHECKS, FOREIGN_KEY_CHECKS=0 */;
/*!40101 SET @OLD_SQL_MODE=@@SQL_MODE, SQL_MODE='NO_AUTO_VALUE_ON_ZERO' */;
-- Dumping data for table company.department: ~8 rows (approximately)
/*!40000 ALTER TABLE `department` DISABLE KEYS */;
INSERT IGNORE INTO `department` (`id`, `department_name`, `description`, `created_date`, `parent_department_id`) VALUES
	(1, 'Департамент корпоративних продажів і категорійного менеджменту', 'Повна індивідуальностей та визначних особистостей команда продажів і категорійного менеджменту прагне до мети - зробити так, щоб споживачі частіше вибирали «Нестле»!', '2017-04-12 17:15:09', NULL),
	(2, 'Маркетинг і маркетингові комунікації', 'Ми твердо переконані, що для створення надуспішного бренду або продукту недостатньо красивого логотипу, відмінної якості і прекрасного смаку. Потрібно ще щось, чого складно дати визначення. Назвемо це натхненням або особливим передбаченням. Якщо у вас є це натхнення, і ви можете зробити його частиною маркетингового міксу, ми знаємо, що станеться диво.', '2017-04-12 17:15:09', 2),
	(3, 'Фінансовий департамент', 'Вибравши команду Фінансового департаменту для професійного розвитку, Ви зможете навчитися перевіряти і створювати звітність про успіхи і прибутковості наших Бізнесів, аналізувати стратегічні питання. Удосконалювати свої навички, працюючи в партнерських проектах, в центральному відділі або бізнес-підрозділі, здійснюючи планування або допомагаючи нашим структурам по всій Росії і СНД приймати рішення.', '2017-04-12 17:16:45', NULL),
	(4, 'Департамент управління ланцюгами поставок', 'Компанія «Нестле» володіє однією з найскладніших систем поставок в світі. Кожен елемент ланцюжка поставок тісно пов\'язаний з іншими сферами, і це створює спільноту однодумців, істинний командний дух, завдяки якому кожен намагається з усіх сил, щоб допомогти іншим досягти успіху.', '2017-04-12 17:16:45', 8),
	(5, 'Відділ персоналу', 'Ми робимо свій внесок у розвиток бізнесу шляхом розробки і реалізації стратегії розвитку персоналу для забезпечення стійкого зростання компанії. Відділ персоналу забезпечує послідовне застосування корпоративних принципів, політик, практик та інструментів, а також дотримання трудового законодавства.', '2017-04-12 17:16:45', NULL),
	(6, 'Юридичний відділ', 'Компанія «Нестле» дотримується найвищих стандартів у своїй діяльності. Саме тому завдання юридичного департаменту ТОВ «Нестле Росія» - щоденне супровід бізнесу компанії, що відрізняється високою якістю і професіоналізмом.', '2017-04-13 09:46:58', NULL),
	(7, 'Відділ корпоративних питань', 'Наша мета - створювати конкурентні переваги для «Нестле Росія» шляхом формування, підтримки та використання сприятливої ​​для компанії зовнішнього середовища, що сприяє зміцненню в очах громадськості цінностей компанії, її брендів, репутації, як відповідальної компанії і світового лідера в області правильного харчування та здорового способу життя . Департамент корпоративних питань складається з підрозділів по роботі із засобами масової інформації, органами державної влади та недержавними організаціями, а також включає напрями, пов\'язані з діяльністю у сфері корпоративної соціальної відповідальності та внутрішньокорпоративних комунікацій.', '2017-04-13 09:48:05', 1),
	(8, 'Технічний Департамент', 'Якщо уявити, що компанія - це людський організм, то технічний департамент - це його серце і кровоносна система. Наше завдання - втілювати ідеї в життя. Технічний напрям компанії «Нестле» в Росії представлено Технічним відділом в головному офісі в Москві і 13-ма фабриками в Росії і СНД. Співробітники Технічного відділу в Москві надають експертну та методологічну підтримку фабрикам, ведуть значну координаційну роботу і виконують роль сполучної ланки між фабриками і різними підрозділами компанії.', '2017-04-13 09:49:07', NULL);
/*!40000 ALTER TABLE `department` ENABLE KEYS */;

-- Dumping data for table company.department_employee: ~23 rows (approximately)
/*!40000 ALTER TABLE `department_employee` DISABLE KEYS */;
INSERT IGNORE INTO `department_employee` (`id`, `department_id`, `employee_id`) VALUES
	(1, 1, 1),
	(2, 1, 7),
	(3, 2, 11),
	(4, 2, 2),
	(5, 2, 4),
	(6, 3, 5),
	(7, 3, 6),
	(8, 3, 3),
	(9, 4, 8),
	(10, 4, 9),
	(11, 4, 10),
	(12, 5, 2),
	(13, 5, 11),
	(14, 5, 7),
	(15, 6, 1),
	(16, 6, 6),
	(17, 7, 9),
	(18, 7, 10),
	(19, 7, 3),
	(20, 8, 4),
	(21, 8, 5),
	(22, 8, 8),
	(23, 1, 9);
/*!40000 ALTER TABLE `department_employee` ENABLE KEYS */;

-- Dumping data for table company.employee: ~11 rows (approximately)
/*!40000 ALTER TABLE `employee` DISABLE KEYS */;
INSERT IGNORE INTO `employee` (`id`, `employee_name`, `gender`, `age`, `position_name`, `created_date`, `parent_employee_id`) VALUES
	(1, 'Крупко Іван Петрович', 'чоловіча', 31, 'спеціаліст', '2017-04-12 17:36:54', 4),
	(2, 'Мельник Генадій Едуардович', 'чоловіча', 28, 'інженер 1 категорії', '2017-04-12 17:36:54', 9),
	(3, 'Шевченко Петро Харитонович', 'чоловіча', 46, 'спеціаліст по нестандартним розробкам', '2017-04-12 17:36:54', NULL),
	(4, 'Коваленко Ганна Павлівна', 'жіноча', 42, 'головний спеціаліст', '2017-04-12 17:36:54', NULL),
	(5, 'Бондаренко Марина Дмитрівна', 'жіноча', 23, 'інженер 2 категорії', '2017-04-12 17:36:54', 9),
	(6, 'Ткаченко Ілля Сергійович', 'чоловіча', 34, 'спеціаліст', '2017-04-12 17:36:54', 4),
	(7, 'Ковальчук Ірина Максимівна', 'жіноча', 50, 'інженер 1 категорії', '2017-04-12 17:36:54', 9),
	(8, 'Кравченко Микола Пилипович', 'чоловіча', 40, 'працівник', '2017-04-12 17:36:54', NULL),
	(9, 'Олійник Любов Миколаївна', 'жіноча', 37, 'головний інженер', '2017-04-12 17:36:54', NULL),
	(10, 'Шевчук Ольга Сергіївна', 'жіноча', 40, 'інженер 1 категорії', '2017-04-12 17:36:54', 9),
	(11, 'Бойко Сергій Анатолійович', 'чоловіча', 38, 'працівник', '2017-04-12 17:36:54', NULL);
/*!40000 ALTER TABLE `employee` ENABLE KEYS */;
/*!40101 SET SQL_MODE=IFNULL(@OLD_SQL_MODE, '') */;
/*!40014 SET FOREIGN_KEY_CHECKS=IF(@OLD_FOREIGN_KEY_CHECKS IS NULL, 1, @OLD_FOREIGN_KEY_CHECKS) */;
/*!40101 SET CHARACTER_SET_CLIENT=@OLD_CHARACTER_SET_CLIENT */;
